{"roc_auc": 0.8646531615107058, "pr_auc": 0.2600648076280747}