{"pr_auc": 0.17502385262509601, "roc_auc": 0.84953888001537292}