{"pr_auc": 0.16222421760443026, "roc_auc": 0.84334418439349035}