{"pr_auc": 0.1035408265333822, "roc_auc": 0.80210417506148268}