{"pr_auc": 0.14696971594100755, "roc_auc": 0.83765184053621677}