{"pr_auc": 0.18484437013715888, "roc_auc": 0.85018373103104417}