{"pr_auc": 0.3324119771956664, "roc_auc": 0.87717603156227675}