{"pr_auc": 0.15235965292211534, "roc_auc": 0.83864063650615772}