{"pr_auc": 0.21263853278953593, "roc_auc": 0.840074823148102}