{"pr_auc": 0.25542969529988901, "roc_auc": 0.86448771740479191}