{"pr_auc": 0.084521931724647295, "roc_auc": 0.77762637577439808}