{"pr_auc": 0.21259551441117622, "roc_auc": 0.86214646101506709}