{"pr_auc": 0.10141858690486931, "roc_auc": 0.79887296884103542}