{"pr_auc": 0.15329638750911961, "roc_auc": 0.8445836376527831}