,mean_fit_time,mean_score_time,mean_test_score,mean_train_score,param_n_estimators,params,rank_test_score,split0_test_score,split0_train_score,split1_test_score,split1_train_score,std_fit_time,std_score_time,std_test_score,std_train_score
0,0.207089424133,0.0117050409317,0.768536585366,0.981219512195,10,{'n_estimators': 10},4,0.771707317073,0.978048780488,0.765365853659,0.984390243902,0.00171756744385,4.30345535278e-05,0.00317073170732,0.00317073170732
1,1.98625397682,0.104797005653,0.78487804878,0.995853658537,100,{'n_estimators': 100},3,0.788780487805,0.99512195122,0.780975609756,0.996585365854,0.009192943573,0.00161898136139,0.00390243902439,0.000731707317073
2,10.0859514475,0.529524564743,0.786829268293,0.995853658537,500,{'n_estimators': 500},2,0.791219512195,0.99512195122,0.78243902439,0.996585365854,0.0213545560837,0.00805759429932,0.00439024390244,0.000731707317073
3,20.0004581213,1.06592440605,0.787317073171,0.995853658537,1000,{'n_estimators': 1000},1,0.794634146341,0.99512195122,0.78,0.996585365854,0.0990189313889,0.0518434047699,0.00731707317073,0.000731707317073
0,0.208428502083,0.0112770795822,0.764634146341,0.982195121951,10,{'n_estimators': 10},4,0.756585365854,0.981951219512,0.772682926829,0.98243902439,0.00283753871918,9.40561294556e-05,0.0080487804878,0.000243902439024
1,2.01433253288,0.104663014412,0.785365853659,0.998292682927,100,{'n_estimators': 100},1,0.77756097561,0.998048780488,0.793170731707,0.998536585366,0.0208175182343,0.00154387950897,0.00780487804878,0.000243902439024
2,11.831076026,0.748861908913,0.783414634146,0.998292682927,500,{'n_estimators': 500},3,0.773658536585,0.998048780488,0.793170731707,0.998536585366,1.95960390568,0.245185017586,0.00975609756098,0.000243902439024
3,22.2130855322,1.00495350361,0.783902439024,0.998292682927,1000,{'n_estimators': 1000},2,0.778048780488,0.998048780488,0.789756097561,0.998536585366,1.36073338985,0.000826478004456,0.00585365853659,0.000243902439024
