{"pr_auc": 0.20050989632577917, "roc_auc": 0.85662916427721836}