{"pr_auc": 0.15589516610841567, "roc_auc": 0.8390770338398803}