{"pr_auc": 0.22251543788616873, "roc_auc": 0.85192125764694038}