{"pr_auc": 0.21024715876517353, "roc_auc": 0.84228295265572162}