{"pr_auc": 0.20297413540321238, "roc_auc": 0.84729402849016988}