{"pr_auc": 0.24145517386107443, "roc_auc": 0.78132143016749755}