{"pr_auc": 0.19641505985984495, "roc_auc": 0.84351047899616716}