{"pr_auc": 0.20895716830757746, "roc_auc": 0.84148078250164471}