{"pr_auc": 0.2073926561461189, "roc_auc": 0.84084622965930067}