{"pr_auc": 0.10480865562338648, "roc_auc": 0.80048250316614311}