{"roc_auc": 0.8714130799301174, "pr_auc": 0.28409361782471726}