{"pr_auc": 0.20466543029646556, "roc_auc": 0.83684573860504419}