{"pr_auc": 0.1502764956097834, "roc_auc": 0.74510765152122849}