{"pr_auc": 0.22057519237034645, "roc_auc": 0.85931674459915008}