{"pr_auc": 0.20189757977469597, "roc_auc": 0.84784631181766157}