{"pr_auc": 0.18726680418638258, "roc_auc": 0.756747846947183}