{"roc_auc": 0.657704396180038, "pr_auc": 0.05888895894232597}