{"pr_auc": 0.14031706876758268, "roc_auc": 0.79739230721143872}