{"pr_auc": 0.17595571009416355, "roc_auc": 0.82821178286954111}