{"pr_auc": 0.09609737727734477, "roc_auc": 0.7862232043624503}