{"pr_auc": 0.1641301178383639, "roc_auc": 0.70725475117588932}