{"pr_auc": 0.16972709585540169, "roc_auc": 0.83204153304824724}