{"pr_auc": 0.18010809925662735, "roc_auc": 0.84859907186200767}