{"pr_auc": 0.33367743670517352, "roc_auc": 0.85020510835996743}