{"pr_auc": 0.13819178934175871, "roc_auc": 0.83699779725764001}