{"roc_auc": 0.865481942376447, "pr_auc": 0.27578913725246124}