{"pr_auc": 0.26131015171040833, "roc_auc": 0.85297726144351138}