{"pr_auc": 0.088904931229106851, "roc_auc": 0.77671258245920927}