{"roc_auc": 0.8608938860449175, "pr_auc": 0.24790330243354208}