{"pr_auc": 0.12696723130625148, "roc_auc": 0.8186197867778624}