{"pr_auc": 0.17521357754492317, "roc_auc": 0.83790949450820829}