{"pr_auc": 0.22343102360055356, "roc_auc": 0.85822504135111688}