{"pr_auc": 0.23474434072825456, "roc_auc": 0.78293009422124582}