{"pr_auc": 0.224593071670388, "roc_auc": 0.85389937176187058}