{"pr_auc": 0.20389370782802652, "roc_auc": 0.83705194780806647}