,mean_fit_time,mean_score_time,mean_test_score,mean_train_score,param_n_estimators,params,rank_test_score,split0_test_score,split0_train_score,split1_test_score,split1_train_score,std_fit_time,std_score_time,std_test_score,std_train_score
0,0.671116948128,0.0197075605392,0.752781573297,0.980675385516,10,{'n_estimators': 10},4,0.752098379856,0.98048018739,0.753464766738,0.980870583642,0.00560295581818,3.25441360474e-05,0.000683193441343,0.000195198126098
1,6.6303166151,0.173601865768,0.773277376537,0.997364825298,100,{'n_estimators': 100},1,0.772594183096,0.997267226235,0.773960569979,0.997462424361,0.0906294584274,0.000355005264282,0.000683193441343,9.7599063049e-05
2,32.82297194,0.859371066093,0.773082178411,0.997364825298,500,{'n_estimators': 500},2,0.771618192465,0.997267226235,0.774546164357,0.997462424361,0.339315056801,0.00099503993988,0.00146398594573,9.7599063049e-05
3,66.2372250557,1.6911149025,0.772301385907,0.997364825298,1000,{'n_estimators': 1000},3,0.772008588718,0.997267226235,0.772594183096,0.997462424361,0.471054077148,0.017019033432,0.000292797189147,9.7599063049e-05
0,0.657374978065,0.0184260606766,0.749609679938,0.981947697112,10,{'n_estimators': 10},4,0.750195160031,0.98243559719,0.749024199844,0.981459797034,0.00529611110687,5.59091567993e-05,0.000585480093677,0.000487900078064
1,6.54692018032,0.168251395226,0.767369242779,0.997658079625,100,{'n_estimators': 100},3,0.768735362998,0.997462919594,0.76600312256,0.997853239657,0.0958310365677,0.000714421272278,0.00136612021858,0.000195160031226
2,32.9837784767,0.839237451553,0.769808743169,0.997658079625,500,{'n_estimators': 500},2,0.769711163154,0.997462919594,0.769906323185,0.997853239657,0.235781431198,0.00195550918579,9.75800156128e-05,0.000195160031226
3,65.8224619627,1.66796994209,0.770101483216,0.997658079625,1000,{'n_estimators': 1000},1,0.771662763466,0.997462919594,0.768540202966,0.997853239657,0.96516597271,0.0232870578766,0.0015612802498,0.000195160031226
