{"pr_auc": 0.18847979237319901, "roc_auc": 0.84232370035524173}