{"pr_auc": 0.20175103414309156, "roc_auc": 0.8443169292922178}