{"pr_auc": 0.2406798017676324, "roc_auc": 0.78123383651528922}