{"pr_auc": 0.23138495271419546, "roc_auc": 0.80553638296049979}