{"roc_auc": 0.8519492134014457, "pr_auc": 0.20489764693540793}