{"pr_auc": 0.17187681561852614, "roc_auc": 0.83777904680740378}