{"pr_auc": 0.19610031048101134, "roc_auc": 0.84683957943058374}