{"pr_auc": 0.20980327554402739, "roc_auc": 0.84103290573077316}