{"pr_auc": 0.14050005984175029, "roc_auc": 0.83213356907232705}