{"pr_auc": 0.19416486001341637, "roc_auc": 0.8493418353193809}