{"roc_auc": 0.8711738132651949, "pr_auc": 0.3048770202201681}