{"pr_auc": 0.10306130785101025, "roc_auc": 0.79743042844914425}