{"pr_auc": 0.2016755201066722, "roc_auc": 0.82618397532057419}