{"pr_auc": 0.18567397485384124, "roc_auc": 0.84957085562135526}