{"roc_auc": 0.8619277349373193, "pr_auc": 0.2672310204122459}