{"pr_auc": 0.19385444745431368, "roc_auc": 0.84120988017496112}