{"pr_auc": 0.18428437080331259, "roc_auc": 0.84594341934172834}