{"pr_auc": 0.33271218537209296, "roc_auc": 0.85323352017848708}