{"pr_auc": 0.14138605292289722, "roc_auc": 0.7468953247196144}