,mean_fit_time,mean_score_time,mean_test_score,mean_train_score,param_n_estimators,params,rank_test_score,split0_test_score,split0_train_score,split1_test_score,split1_train_score,std_fit_time,std_score_time,std_test_score,std_train_score
0,0.276353001595,0.0151125192642,0.763513513514,0.982391482391,10,{'n_estimators': 10},4,0.760442260442,0.981572481572,0.766584766585,0.98321048321,0.0152651071548,0.000596404075623,0.00307125307125,0.000819000819001
1,2.57339942455,0.141314148903,0.778255528256,0.997952497952,100,{'n_estimators': 100},3,0.779279279279,0.997952497952,0.777231777232,0.997952497952,0.0267115831375,0.0104609727859,0.00102375102375,0.0
2,12.5722943544,0.608940005302,0.77886977887,0.997952497952,500,{'n_estimators': 500},2,0.780507780508,0.997952497952,0.777231777232,0.997952497952,0.0635484457016,0.0309289693832,0.001638001638,0.0
3,25.1059553623,1.13076853752,0.779279279279,0.997952497952,1000,{'n_estimators': 1000},1,0.782964782965,0.997952497952,0.775593775594,0.997952497952,0.0268375873566,0.00475144386292,0.0036855036855,0.0
0,0.257454037666,0.0145199298859,0.769545640606,0.982808022923,10,{'n_estimators': 10},4,0.767908309456,0.984445354073,0.771182971756,0.981170691772,0.00169384479523,0.000242948532104,0.00163733115023,0.00163733115023
1,2.7165504694,0.137350559235,0.794310274253,0.998567335244,100,{'n_estimators': 100},3,0.794105607859,0.99836266885,0.794514940647,0.998772001637,0.0732325315475,0.00256943702698,0.000204666393778,0.000204666393778
2,12.9188879728,0.652770996094,0.796152271797,0.998567335244,500,{'n_estimators': 500},2,0.79738027016,0.99836266885,0.794924273434,0.998772001637,0.0402108430862,0.00396299362183,0.00122799836267,0.000204666393778
3,25.5041868687,1.20647001266,0.797994269341,0.998567335244,1000,{'n_estimators': 1000},1,0.799836266885,0.99836266885,0.796152271797,0.998772001637,0.0221920013428,0.078094959259,0.001841997544,0.000204666393778
