{"pr_auc": 0.2278061186707275, "roc_auc": 0.85691998835979277}