{"pr_auc": 0.20971256612872899, "roc_auc": 0.84233075211126329}