{"pr_auc": 0.10673137032367427, "roc_auc": 0.78551994893728527}