{"pr_auc": 0.10021611127361633, "roc_auc": 0.79319053960438279}