{"pr_auc": 0.1569588485724901, "roc_auc": 0.72365978519889707}