{"pr_auc": 0.21716661149506825, "roc_auc": 0.8447123175945368}