{"pr_auc": 0.076119926002489222, "roc_auc": 0.76128446314257614}