{"pr_auc": 0.19287179612251862, "roc_auc": 0.84083422496951887}