,mean_fit_time,mean_score_time,mean_test_score,mean_train_score,param_n_estimators,params,rank_test_score,split0_test_score,split0_train_score,split1_test_score,split1_train_score,std_fit_time,std_score_time,std_test_score,std_train_score
0,0.377312064171,0.014550447464,0.775469981807,0.983626440267,10,{'n_estimators': 10},4,0.783808368708,0.983323226198,0.767131594906,0.983929654336,0.00670993328094,5.05447387695e-05,0.00833838690115,0.000303214069133
1,3.67023003101,0.130262494087,0.791540327471,0.99833232262,100,{'n_estimators': 100},2,0.792904790782,0.998483929654,0.79017586416,0.998180715585,0.0374730825424,0.000730395317078,0.0013644633111,0.000151607034566
2,18.2883205414,0.638657450676,0.791995148575,0.99833232262,500,{'n_estimators': 500},1,0.791995148575,0.998483929654,0.791995148575,0.998180715585,0.200693368912,0.00031054019928,0.0,0.000151607034566
3,37.4923214912,1.28470504284,0.790933899333,0.99833232262,1000,{'n_estimators': 1000},3,0.791388720437,0.998483929654,0.790479078229,0.998180715585,0.849976539612,0.0119000673294,0.000454821103699,0.000151607034566
0,0.378472566605,0.0142605304718,0.782747119466,0.982110369921,10,{'n_estimators': 10},4,0.787446937538,0.983929654336,0.778047301395,0.980291085506,0.00889945030212,5.55515289307e-05,0.00469981807156,0.0018192844148
1,3.68905186653,0.131585478783,0.793966040024,0.997574287447,100,{'n_estimators': 100},3,0.797756215888,0.998180715585,0.79017586416,0.996967859309,0.0309829711914,0.00283849239349,0.00379017586416,0.000606428138266
2,18.5003424883,0.650548577309,0.796846573681,0.997574287447,500,{'n_estimators': 500},2,0.801091570649,0.998180715585,0.792601576713,0.996967859309,0.209169507027,0.00232255458832,0.00424499696786,0.000606428138266
3,37.1237899065,1.28881812096,0.798211036992,0.997574287447,1000,{'n_estimators': 1000},1,0.802001212856,0.998180715585,0.794420861128,0.996967859309,0.253644108772,0.0113430023193,0.00379017586416,0.000606428138266
