{"pr_auc": 0.25872221428383158, "roc_auc": 0.85819157610414343}