{"pr_auc": 0.19644164060091512, "roc_auc": 0.84774180037843061}