{"pr_auc": 0.14047185356290676, "roc_auc": 0.82207297870046225}