{"roc_auc": 0.8647782124711589, "pr_auc": 0.26641462662537796}