{"pr_auc": 0.20889473124375768, "roc_auc": 0.84036898712053965}